{
  "RandomForest": {
    "train_metrics": {
      "r2_score": 0.00680187821345124,
      "rmse": 0.4267025927364141
    },
    "test_metrics": {
      "r2_score": -0.007285782748537528,
      "rmse": 0.42605275363550876
    }
  },
  "XGBoost": {
    "train_metrics": {
      "r2_score": 0.00679140668982281,
      "rmse": 0.42670484214386195
    },
    "test_metrics": {
      "r2_score": -0.00765114642953324,
      "rmse": 0.4261300157650474
    }
  },
  "NeuralNetwork": {
    "train_metrics": {
      "r2_score": -0.2227981723368433,
      "rmse": 0.47346156292561975
    },
    "test_metrics": {
      "r2_score": -0.25920830904390857,
      "rmse": 0.47636057942907095
    }
  },
  "Ensemble": {
    "train_metrics": {},
    "test_metrics": {
      "r2_score": -0.024070146459279185,
      "rmse": 0.429587738851712
    }
  }
}